negative_level,metric,pct_triplets_true_beats_null,effect_size,permutation_p_value
1,band,0.6344827586206897,0.1682657903449434,0.045
1,mfcc,0.6482758620689655,0.2496363551269165,0.006
2,band,0.6551724137931034,0.22865192858699626,0.007
2,mfcc,0.5379310344827586,0.0701411877768411,0.402
3,band,0.6413793103448275,0.25959345445364335,0.002
3,mfcc,0.6068965517241379,0.08555621408194246,0.3055
